filename,split,label,shape,color,intended_feature,shortcut_feature
train/train_0000.png,train,0,square,blue,shape,color
train/train_0001.png,train,0,square,blue,shape,color
train/train_0002.png,train,1,circle,red,shape,color
train/train_0003.png,train,0,square,blue,shape,color
train/train_0004.png,train,0,square,blue,shape,color
train/train_0005.png,train,0,square,blue,shape,color
train/train_0006.png,train,0,square,blue,shape,color
train/train_0007.png,train,0,square,blue,shape,color
train/train_0008.png,train,1,circle,red,shape,color
train/train_0009.png,train,0,square,blue,shape,color
train/train_0010.png,train,0,square,blue,shape,color
train/train_0011.png,train,0,square,blue,shape,color
train/train_0012.png,train,0,square,blue,shape,color
train/train_0013.png,train,0,square,blue,shape,color
train/train_0014.png,train,0,square,blue,shape,color
train/train_0015.png,train,0,square,blue,shape,color
train/train_0016.png,train,1,circle,red,shape,color
train/train_0017.png,train,0,square,blue,shape,color
train/train_0018.png,train,1,circle,red,shape,color
train/train_0019.png,train,1,circle,red,shape,color
train/train_0020.png,train,0,square,blue,shape,color
train/train_0021.png,train,0,square,blue,shape,color
train/train_0022.png,train,1,circle,red,shape,color
train/train_0023.png,train,1,circle,red,shape,color
train/train_0024.png,train,1,circle,red,shape,color
train/train_0025.png,train,0,square,blue,shape,color
train/train_0026.png,train,0,square,blue,shape,color
train/train_0027.png,train,1,circle,red,shape,color
train/train_0028.png,train,0,square,blue,shape,color
train/train_0029.png,train,0,square,blue,shape,color
train/train_0030.png,train,1,circle,red,shape,color
train/train_0031.png,train,0,square,blue,shape,color
train/train_0032.png,train,1,circle,red,shape,color
train/train_0033.png,train,1,circle,red,shape,color
train/train_0034.png,train,1,circle,red,shape,color
train/train_0035.png,train,0,square,blue,shape,color
train/train_0036.png,train,1,circle,red,shape,color
train/train_0037.png,train,0,square,blue,shape,color
train/train_0038.png,train,1,circle,red,shape,color
train/train_0039.png,train,0,square,blue,shape,color
train/train_0040.png,train,1,circle,red,shape,color
train/train_0041.png,train,1,circle,red,shape,color
train/train_0042.png,train,0,square,blue,shape,color
train/train_0043.png,train,0,square,blue,shape,color
train/train_0044.png,train,0,square,blue,shape,color
train/train_0045.png,train,0,square,blue,shape,color
train/train_0046.png,train,1,circle,red,shape,color
train/train_0047.png,train,0,square,blue,shape,color
train/train_0048.png,train,0,square,blue,shape,color
train/train_0049.png,train,0,square,blue,shape,color
train/train_0050.png,train,1,circle,red,shape,color
train/train_0051.png,train,1,circle,red,shape,color
train/train_0052.png,train,1,circle,red,shape,color
train/train_0053.png,train,1,circle,red,shape,color
train/train_0054.png,train,0,square,blue,shape,color
train/train_0055.png,train,1,circle,red,shape,color
train/train_0056.png,train,1,circle,red,shape,color
train/train_0057.png,train,0,square,blue,shape,color
train/train_0058.png,train,1,circle,red,shape,color
train/train_0059.png,train,0,square,blue,shape,color
train/train_0060.png,train,0,square,blue,shape,color
train/train_0061.png,train,0,square,blue,shape,color
train/train_0062.png,train,0,square,blue,shape,color
train/train_0063.png,train,1,circle,red,shape,color
train/train_0064.png,train,1,circle,red,shape,color
train/train_0065.png,train,1,circle,red,shape,color
train/train_0066.png,train,0,square,blue,shape,color
train/train_0067.png,train,1,circle,red,shape,color
train/train_0068.png,train,0,square,blue,shape,color
train/train_0069.png,train,0,square,blue,shape,color
train/train_0070.png,train,0,square,blue,shape,color
train/train_0071.png,train,1,circle,red,shape,color
train/train_0072.png,train,1,circle,red,shape,color
train/train_0073.png,train,1,circle,red,shape,color
train/train_0074.png,train,0,square,blue,shape,color
train/train_0075.png,train,0,square,blue,shape,color
train/train_0076.png,train,1,circle,red,shape,color
train/train_0077.png,train,0,square,blue,shape,color
train/train_0078.png,train,1,circle,red,shape,color
train/train_0079.png,train,1,circle,red,shape,color
train/train_0080.png,train,1,circle,red,shape,color
train/train_0081.png,train,0,square,blue,shape,color
train/train_0082.png,train,1,circle,red,shape,color
train/train_0083.png,train,0,square,blue,shape,color
train/train_0084.png,train,0,square,blue,shape,color
train/train_0085.png,train,1,circle,red,shape,color
train/train_0086.png,train,1,circle,red,shape,color
train/train_0087.png,train,1,circle,red,shape,color
train/train_0088.png,train,1,circle,red,shape,color
train/train_0089.png,train,0,square,blue,shape,color
train/train_0090.png,train,0,square,blue,shape,color
train/train_0091.png,train,1,circle,red,shape,color
train/train_0092.png,train,0,square,blue,shape,color
train/train_0093.png,train,0,square,blue,shape,color
train/train_0094.png,train,0,square,blue,shape,color
train/train_0095.png,train,0,square,blue,shape,color
train/train_0096.png,train,0,square,blue,shape,color
train/train_0097.png,train,1,circle,red,shape,color
train/train_0098.png,train,0,square,blue,shape,color
train/train_0099.png,train,1,circle,red,shape,color
train/train_0100.png,train,1,circle,red,shape,color
train/train_0101.png,train,1,circle,red,shape,color
train/train_0102.png,train,1,circle,red,shape,color
train/train_0103.png,train,0,square,blue,shape,color
train/train_0104.png,train,0,square,blue,shape,color
train/train_0105.png,train,1,circle,red,shape,color
train/train_0106.png,train,1,circle,red,shape,color
train/train_0107.png,train,0,square,blue,shape,color
train/train_0108.png,train,1,circle,red,shape,color
train/train_0109.png,train,1,circle,red,shape,color
train/train_0110.png,train,0,square,blue,shape,color
train/train_0111.png,train,1,circle,red,shape,color
train/train_0112.png,train,0,square,blue,shape,color
train/train_0113.png,train,1,circle,red,shape,color
train/train_0114.png,train,0,square,blue,shape,color
train/train_0115.png,train,0,square,blue,shape,color
train/train_0116.png,train,1,circle,red,shape,color
train/train_0117.png,train,0,square,blue,shape,color
train/train_0118.png,train,0,square,blue,shape,color
train/train_0119.png,train,1,circle,red,shape,color
train/train_0120.png,train,0,square,blue,shape,color
train/train_0121.png,train,0,square,blue,shape,color
train/train_0122.png,train,1,circle,red,shape,color
train/train_0123.png,train,1,circle,red,shape,color
train/train_0124.png,train,0,square,blue,shape,color
train/train_0125.png,train,0,square,blue,shape,color
train/train_0126.png,train,1,circle,red,shape,color
train/train_0127.png,train,1,circle,red,shape,color
train/train_0128.png,train,0,square,blue,shape,color
train/train_0129.png,train,0,square,blue,shape,color
train/train_0130.png,train,0,square,blue,shape,color
train/train_0131.png,train,0,square,blue,shape,color
train/train_0132.png,train,0,square,blue,shape,color
train/train_0133.png,train,1,circle,red,shape,color
train/train_0134.png,train,0,square,blue,shape,color
train/train_0135.png,train,0,square,blue,shape,color
train/train_0136.png,train,0,square,blue,shape,color
train/train_0137.png,train,1,circle,red,shape,color
train/train_0138.png,train,0,square,blue,shape,color
train/train_0139.png,train,1,circle,red,shape,color
train/train_0140.png,train,1,circle,red,shape,color
train/train_0141.png,train,0,square,blue,shape,color
train/train_0142.png,train,0,square,blue,shape,color
train/train_0143.png,train,1,circle,red,shape,color
train/train_0144.png,train,1,circle,red,shape,color
train/train_0145.png,train,1,circle,red,shape,color
train/train_0146.png,train,1,circle,red,shape,color
train/train_0147.png,train,1,circle,red,shape,color
train/train_0148.png,train,0,square,blue,shape,color
train/train_0149.png,train,0,square,blue,shape,color
train/train_0150.png,train,0,square,blue,shape,color
train/train_0151.png,train,0,square,blue,shape,color
train/train_0152.png,train,1,circle,red,shape,color
train/train_0153.png,train,0,square,blue,shape,color
train/train_0154.png,train,0,square,blue,shape,color
train/train_0155.png,train,0,square,blue,shape,color
train/train_0156.png,train,0,square,blue,shape,color
train/train_0157.png,train,0,square,blue,shape,color
train/train_0158.png,train,0,square,blue,shape,color
train/train_0159.png,train,0,square,blue,shape,color
train/train_0160.png,train,0,square,blue,shape,color
train/train_0161.png,train,0,square,blue,shape,color
train/train_0162.png,train,1,circle,red,shape,color
train/train_0163.png,train,0,square,blue,shape,color
train/train_0164.png,train,0,square,blue,shape,color
train/train_0165.png,train,1,circle,red,shape,color
train/train_0166.png,train,1,circle,red,shape,color
train/train_0167.png,train,0,square,blue,shape,color
train/train_0168.png,train,0,square,blue,shape,color
train/train_0169.png,train,1,circle,red,shape,color
train/train_0170.png,train,0,square,blue,shape,color
train/train_0171.png,train,1,circle,red,shape,color
train/train_0172.png,train,1,circle,red,shape,color
train/train_0173.png,train,0,square,blue,shape,color
train/train_0174.png,train,0,square,blue,shape,color
train/train_0175.png,train,0,square,blue,shape,color
train/train_0176.png,train,1,circle,red,shape,color
train/train_0177.png,train,1,circle,red,shape,color
train/train_0178.png,train,1,circle,red,shape,color
train/train_0179.png,train,1,circle,red,shape,color
train/train_0180.png,train,1,circle,red,shape,color
train/train_0181.png,train,0,square,blue,shape,color
train/train_0182.png,train,0,square,blue,shape,color
train/train_0183.png,train,0,square,blue,shape,color
train/train_0184.png,train,1,circle,red,shape,color
train/train_0185.png,train,1,circle,red,shape,color
train/train_0186.png,train,0,square,blue,shape,color
train/train_0187.png,train,0,square,blue,shape,color
train/train_0188.png,train,0,square,blue,shape,color
train/train_0189.png,train,0,square,blue,shape,color
train/train_0190.png,train,1,circle,red,shape,color
train/train_0191.png,train,0,square,blue,shape,color
train/train_0192.png,train,1,circle,red,shape,color
train/train_0193.png,train,0,square,blue,shape,color
train/train_0194.png,train,1,circle,red,shape,color
train/train_0195.png,train,1,circle,red,shape,color
train/train_0196.png,train,0,square,blue,shape,color
train/train_0197.png,train,0,square,blue,shape,color
train/train_0198.png,train,1,circle,red,shape,color
train/train_0199.png,train,0,square,blue,shape,color
train/train_0200.png,train,0,square,blue,shape,color
train/train_0201.png,train,0,square,blue,shape,color
train/train_0202.png,train,0,square,blue,shape,color
train/train_0203.png,train,0,square,blue,shape,color
train/train_0204.png,train,0,square,blue,shape,color
train/train_0205.png,train,1,circle,red,shape,color
train/train_0206.png,train,1,circle,red,shape,color
train/train_0207.png,train,1,circle,red,shape,color
train/train_0208.png,train,0,square,blue,shape,color
train/train_0209.png,train,1,circle,red,shape,color
train/train_0210.png,train,0,square,blue,shape,color
train/train_0211.png,train,0,square,blue,shape,color
train/train_0212.png,train,1,circle,red,shape,color
train/train_0213.png,train,0,square,blue,shape,color
train/train_0214.png,train,1,circle,red,shape,color
train/train_0215.png,train,1,circle,red,shape,color
train/train_0216.png,train,1,circle,red,shape,color
train/train_0217.png,train,1,circle,red,shape,color
train/train_0218.png,train,1,circle,red,shape,color
train/train_0219.png,train,1,circle,red,shape,color
train/train_0220.png,train,0,square,blue,shape,color
train/train_0221.png,train,0,square,blue,shape,color
train/train_0222.png,train,1,circle,red,shape,color
train/train_0223.png,train,0,square,blue,shape,color
train/train_0224.png,train,0,square,blue,shape,color
train/train_0225.png,train,0,square,blue,shape,color
train/train_0226.png,train,1,circle,red,shape,color
train/train_0227.png,train,0,square,blue,shape,color
train/train_0228.png,train,0,square,blue,shape,color
train/train_0229.png,train,1,circle,red,shape,color
train/train_0230.png,train,0,square,blue,shape,color
train/train_0231.png,train,0,square,blue,shape,color
train/train_0232.png,train,0,square,blue,shape,color
train/train_0233.png,train,0,square,blue,shape,color
train/train_0234.png,train,0,square,blue,shape,color
train/train_0235.png,train,0,square,blue,shape,color
train/train_0236.png,train,0,square,blue,shape,color
train/train_0237.png,train,1,circle,red,shape,color
train/train_0238.png,train,0,square,blue,shape,color
train/train_0239.png,train,0,square,blue,shape,color
train/train_0240.png,train,0,square,blue,shape,color
train/train_0241.png,train,0,square,blue,shape,color
train/train_0242.png,train,1,circle,red,shape,color
train/train_0243.png,train,1,circle,red,shape,color
train/train_0244.png,train,1,circle,red,shape,color
train/train_0245.png,train,0,square,blue,shape,color
train/train_0246.png,train,1,circle,red,shape,color
train/train_0247.png,train,0,square,blue,shape,color
train/train_0248.png,train,1,circle,red,shape,color
train/train_0249.png,train,1,circle,red,shape,color
train/train_0250.png,train,0,square,blue,shape,color
train/train_0251.png,train,1,circle,red,shape,color
train/train_0252.png,train,1,circle,red,shape,color
train/train_0253.png,train,1,circle,red,shape,color
train/train_0254.png,train,0,square,blue,shape,color
train/train_0255.png,train,0,square,blue,shape,color
train/train_0256.png,train,1,circle,red,shape,color
train/train_0257.png,train,0,square,blue,shape,color
train/train_0258.png,train,0,square,blue,shape,color
train/train_0259.png,train,0,square,blue,shape,color
train/train_0260.png,train,1,circle,red,shape,color
train/train_0261.png,train,0,square,blue,shape,color
train/train_0262.png,train,1,circle,red,shape,color
train/train_0263.png,train,0,square,blue,shape,color
train/train_0264.png,train,0,square,blue,shape,color
train/train_0265.png,train,1,circle,red,shape,color
train/train_0266.png,train,1,circle,red,shape,color
train/train_0267.png,train,0,square,blue,shape,color
train/train_0268.png,train,1,circle,red,shape,color
train/train_0269.png,train,1,circle,red,shape,color
train/train_0270.png,train,0,square,blue,shape,color
train/train_0271.png,train,1,circle,red,shape,color
train/train_0272.png,train,0,square,blue,shape,color
train/train_0273.png,train,0,square,blue,shape,color
train/train_0274.png,train,1,circle,red,shape,color
train/train_0275.png,train,0,square,blue,shape,color
train/train_0276.png,train,0,square,blue,shape,color
train/train_0277.png,train,0,square,blue,shape,color
train/train_0278.png,train,1,circle,red,shape,color
train/train_0279.png,train,1,circle,red,shape,color
train/train_0280.png,train,0,square,blue,shape,color
train/train_0281.png,train,1,circle,red,shape,color
train/train_0282.png,train,0,square,blue,shape,color
train/train_0283.png,train,1,circle,red,shape,color
train/train_0284.png,train,1,circle,red,shape,color
train/train_0285.png,train,1,circle,red,shape,color
train/train_0286.png,train,0,square,blue,shape,color
train/train_0287.png,train,0,square,blue,shape,color
train/train_0288.png,train,1,circle,red,shape,color
train/train_0289.png,train,1,circle,red,shape,color
train/train_0290.png,train,0,square,blue,shape,color
train/train_0291.png,train,0,square,blue,shape,color
train/train_0292.png,train,1,circle,red,shape,color
train/train_0293.png,train,0,square,blue,shape,color
train/train_0294.png,train,1,circle,red,shape,color
train/train_0295.png,train,0,square,blue,shape,color
train/train_0296.png,train,1,circle,red,shape,color
train/train_0297.png,train,1,circle,red,shape,color
train/train_0298.png,train,0,square,blue,shape,color
train/train_0299.png,train,0,square,blue,shape,color
train/train_0300.png,train,0,square,blue,shape,color
train/train_0301.png,train,0,square,blue,shape,color
train/train_0302.png,train,0,square,blue,shape,color
train/train_0303.png,train,1,circle,red,shape,color
train/train_0304.png,train,0,square,blue,shape,color
train/train_0305.png,train,1,circle,red,shape,color
train/train_0306.png,train,0,square,blue,shape,color
train/train_0307.png,train,0,square,blue,shape,color
train/train_0308.png,train,1,circle,red,shape,color
train/train_0309.png,train,1,circle,red,shape,color
train/train_0310.png,train,0,square,blue,shape,color
train/train_0311.png,train,1,circle,red,shape,color
train/train_0312.png,train,0,square,blue,shape,color
train/train_0313.png,train,0,square,blue,shape,color
train/train_0314.png,train,0,square,blue,shape,color
train/train_0315.png,train,1,circle,red,shape,color
train/train_0316.png,train,1,circle,red,shape,color
train/train_0317.png,train,0,square,blue,shape,color
train/train_0318.png,train,0,square,blue,shape,color
train/train_0319.png,train,0,square,blue,shape,color
train/train_0320.png,train,0,square,blue,shape,color
train/train_0321.png,train,1,circle,red,shape,color
train/train_0322.png,train,0,square,blue,shape,color
train/train_0323.png,train,0,square,blue,shape,color
train/train_0324.png,train,1,circle,red,shape,color
train/train_0325.png,train,1,circle,red,shape,color
train/train_0326.png,train,0,square,blue,shape,color
train/train_0327.png,train,1,circle,red,shape,color
train/train_0328.png,train,0,square,blue,shape,color
train/train_0329.png,train,0,square,blue,shape,color
train/train_0330.png,train,1,circle,red,shape,color
train/train_0331.png,train,0,square,blue,shape,color
train/train_0332.png,train,1,circle,red,shape,color
train/train_0333.png,train,0,square,blue,shape,color
train/train_0334.png,train,0,square,blue,shape,color
train/train_0335.png,train,1,circle,red,shape,color
train/train_0336.png,train,1,circle,red,shape,color
train/train_0337.png,train,1,circle,red,shape,color
train/train_0338.png,train,0,square,blue,shape,color
train/train_0339.png,train,0,square,blue,shape,color
train/train_0340.png,train,0,square,blue,shape,color
train/train_0341.png,train,0,square,blue,shape,color
train/train_0342.png,train,1,circle,red,shape,color
train/train_0343.png,train,1,circle,red,shape,color
train/train_0344.png,train,1,circle,red,shape,color
train/train_0345.png,train,0,square,blue,shape,color
train/train_0346.png,train,1,circle,red,shape,color
train/train_0347.png,train,1,circle,red,shape,color
train/train_0348.png,train,1,circle,red,shape,color
train/train_0349.png,train,1,circle,red,shape,color
train/train_0350.png,train,0,square,blue,shape,color
train/train_0351.png,train,0,square,blue,shape,color
train/train_0352.png,train,1,circle,red,shape,color
train/train_0353.png,train,0,square,blue,shape,color
train/train_0354.png,train,1,circle,red,shape,color
train/train_0355.png,train,0,square,blue,shape,color
train/train_0356.png,train,0,square,blue,shape,color
train/train_0357.png,train,1,circle,red,shape,color
train/train_0358.png,train,1,circle,red,shape,color
train/train_0359.png,train,1,circle,red,shape,color
train/train_0360.png,train,1,circle,red,shape,color
train/train_0361.png,train,0,square,blue,shape,color
train/train_0362.png,train,1,circle,red,shape,color
train/train_0363.png,train,0,square,blue,shape,color
train/train_0364.png,train,1,circle,red,shape,color
train/train_0365.png,train,0,square,blue,shape,color
train/train_0366.png,train,1,circle,red,shape,color
train/train_0367.png,train,0,square,blue,shape,color
train/train_0368.png,train,0,square,blue,shape,color
train/train_0369.png,train,1,circle,red,shape,color
train/train_0370.png,train,1,circle,red,shape,color
train/train_0371.png,train,0,square,blue,shape,color
train/train_0372.png,train,1,circle,red,shape,color
train/train_0373.png,train,1,circle,red,shape,color
train/train_0374.png,train,0,square,blue,shape,color
train/train_0375.png,train,1,circle,red,shape,color
train/train_0376.png,train,1,circle,red,shape,color
train/train_0377.png,train,1,circle,red,shape,color
train/train_0378.png,train,1,circle,red,shape,color
train/train_0379.png,train,1,circle,red,shape,color
train/train_0380.png,train,1,circle,red,shape,color
train/train_0381.png,train,0,square,blue,shape,color
train/train_0382.png,train,0,square,blue,shape,color
train/train_0383.png,train,1,circle,red,shape,color
train/train_0384.png,train,1,circle,red,shape,color
train/train_0385.png,train,0,square,blue,shape,color
train/train_0386.png,train,1,circle,red,shape,color
train/train_0387.png,train,1,circle,red,shape,color
train/train_0388.png,train,0,square,blue,shape,color
train/train_0389.png,train,1,circle,red,shape,color
train/train_0390.png,train,1,circle,red,shape,color
train/train_0391.png,train,0,square,blue,shape,color
train/train_0392.png,train,1,circle,red,shape,color
train/train_0393.png,train,1,circle,red,shape,color
train/train_0394.png,train,1,circle,red,shape,color
train/train_0395.png,train,1,circle,red,shape,color
train/train_0396.png,train,1,circle,red,shape,color
train/train_0397.png,train,0,square,blue,shape,color
train/train_0398.png,train,1,circle,red,shape,color
train/train_0399.png,train,0,square,blue,shape,color
train/train_0400.png,train,0,square,blue,shape,color
train/train_0401.png,train,1,circle,red,shape,color
train/train_0402.png,train,1,circle,red,shape,color
train/train_0403.png,train,0,square,blue,shape,color
train/train_0404.png,train,0,square,blue,shape,color
train/train_0405.png,train,1,circle,red,shape,color
train/train_0406.png,train,0,square,blue,shape,color
train/train_0407.png,train,0,square,blue,shape,color
train/train_0408.png,train,0,square,blue,shape,color
train/train_0409.png,train,0,square,blue,shape,color
train/train_0410.png,train,0,square,blue,shape,color
train/train_0411.png,train,0,square,blue,shape,color
train/train_0412.png,train,1,circle,red,shape,color
train/train_0413.png,train,0,square,blue,shape,color
train/train_0414.png,train,1,circle,red,shape,color
train/train_0415.png,train,1,circle,red,shape,color
train/train_0416.png,train,0,square,blue,shape,color
train/train_0417.png,train,1,circle,red,shape,color
train/train_0418.png,train,1,circle,red,shape,color
train/train_0419.png,train,1,circle,red,shape,color
train/train_0420.png,train,0,square,blue,shape,color
train/train_0421.png,train,0,square,blue,shape,color
train/train_0422.png,train,0,square,blue,shape,color
train/train_0423.png,train,0,square,blue,shape,color
train/train_0424.png,train,1,circle,red,shape,color
train/train_0425.png,train,0,square,blue,shape,color
train/train_0426.png,train,0,square,blue,shape,color
train/train_0427.png,train,1,circle,red,shape,color
train/train_0428.png,train,0,square,blue,shape,color
train/train_0429.png,train,0,square,blue,shape,color
train/train_0430.png,train,0,square,blue,shape,color
train/train_0431.png,train,1,circle,red,shape,color
train/train_0432.png,train,0,square,blue,shape,color
train/train_0433.png,train,1,circle,red,shape,color
train/train_0434.png,train,1,circle,red,shape,color
train/train_0435.png,train,1,circle,red,shape,color
train/train_0436.png,train,1,circle,red,shape,color
train/train_0437.png,train,1,circle,red,shape,color
train/train_0438.png,train,0,square,blue,shape,color
train/train_0439.png,train,1,circle,red,shape,color
train/train_0440.png,train,1,circle,red,shape,color
train/train_0441.png,train,1,circle,red,shape,color
train/train_0442.png,train,0,square,blue,shape,color
train/train_0443.png,train,1,circle,red,shape,color
train/train_0444.png,train,1,circle,red,shape,color
train/train_0445.png,train,0,square,blue,shape,color
train/train_0446.png,train,1,circle,red,shape,color
train/train_0447.png,train,1,circle,red,shape,color
train/train_0448.png,train,0,square,blue,shape,color
train/train_0449.png,train,1,circle,red,shape,color
train/train_0450.png,train,0,square,blue,shape,color
train/train_0451.png,train,1,circle,red,shape,color
train/train_0452.png,train,1,circle,red,shape,color
train/train_0453.png,train,1,circle,red,shape,color
train/train_0454.png,train,0,square,blue,shape,color
train/train_0455.png,train,0,square,blue,shape,color
train/train_0456.png,train,0,square,blue,shape,color
train/train_0457.png,train,0,square,blue,shape,color
train/train_0458.png,train,1,circle,red,shape,color
train/train_0459.png,train,0,square,blue,shape,color
train/train_0460.png,train,0,square,blue,shape,color
train/train_0461.png,train,0,square,blue,shape,color
train/train_0462.png,train,1,circle,red,shape,color
train/train_0463.png,train,1,circle,red,shape,color
train/train_0464.png,train,1,circle,red,shape,color
train/train_0465.png,train,1,circle,red,shape,color
train/train_0466.png,train,1,circle,red,shape,color
train/train_0467.png,train,0,square,blue,shape,color
train/train_0468.png,train,0,square,blue,shape,color
train/train_0469.png,train,1,circle,red,shape,color
train/train_0470.png,train,1,circle,red,shape,color
train/train_0471.png,train,0,square,blue,shape,color
train/train_0472.png,train,1,circle,red,shape,color
train/train_0473.png,train,1,circle,red,shape,color
train/train_0474.png,train,0,square,blue,shape,color
train/train_0475.png,train,1,circle,red,shape,color
train/train_0476.png,train,1,circle,red,shape,color
train/train_0477.png,train,1,circle,red,shape,color
train/train_0478.png,train,1,circle,red,shape,color
train/train_0479.png,train,0,square,blue,shape,color
train/train_0480.png,train,1,circle,red,shape,color
train/train_0481.png,train,0,square,blue,shape,color
train/train_0482.png,train,1,circle,red,shape,color
train/train_0483.png,train,1,circle,red,shape,color
train/train_0484.png,train,1,circle,red,shape,color
train/train_0485.png,train,0,square,blue,shape,color
train/train_0486.png,train,1,circle,red,shape,color
train/train_0487.png,train,1,circle,red,shape,color
train/train_0488.png,train,1,circle,red,shape,color
train/train_0489.png,train,0,square,blue,shape,color
train/train_0490.png,train,1,circle,red,shape,color
train/train_0491.png,train,0,square,blue,shape,color
train/train_0492.png,train,0,square,blue,shape,color
train/train_0493.png,train,1,circle,red,shape,color
train/train_0494.png,train,0,square,blue,shape,color
train/train_0495.png,train,0,square,blue,shape,color
train/train_0496.png,train,1,circle,red,shape,color
train/train_0497.png,train,0,square,blue,shape,color
train/train_0498.png,train,1,circle,red,shape,color
train/train_0499.png,train,0,square,blue,shape,color
train/train_0500.png,train,0,square,blue,shape,color
train/train_0501.png,train,1,circle,red,shape,color
train/train_0502.png,train,1,circle,red,shape,color
train/train_0503.png,train,1,circle,red,shape,color
train/train_0504.png,train,0,square,blue,shape,color
train/train_0505.png,train,1,circle,red,shape,color
train/train_0506.png,train,1,circle,red,shape,color
train/train_0507.png,train,1,circle,red,shape,color
train/train_0508.png,train,1,circle,red,shape,color
train/train_0509.png,train,1,circle,red,shape,color
train/train_0510.png,train,1,circle,red,shape,color
train/train_0511.png,train,1,circle,red,shape,color
train/train_0512.png,train,0,square,blue,shape,color
train/train_0513.png,train,1,circle,red,shape,color
train/train_0514.png,train,0,square,blue,shape,color
train/train_0515.png,train,0,square,blue,shape,color
train/train_0516.png,train,1,circle,red,shape,color
train/train_0517.png,train,0,square,blue,shape,color
train/train_0518.png,train,0,square,blue,shape,color
train/train_0519.png,train,0,square,blue,shape,color
train/train_0520.png,train,0,square,blue,shape,color
train/train_0521.png,train,0,square,blue,shape,color
train/train_0522.png,train,0,square,blue,shape,color
train/train_0523.png,train,0,square,blue,shape,color
train/train_0524.png,train,0,square,blue,shape,color
train/train_0525.png,train,0,square,blue,shape,color
train/train_0526.png,train,0,square,blue,shape,color
train/train_0527.png,train,1,circle,red,shape,color
train/train_0528.png,train,0,square,blue,shape,color
train/train_0529.png,train,0,square,blue,shape,color
train/train_0530.png,train,1,circle,red,shape,color
train/train_0531.png,train,1,circle,red,shape,color
train/train_0532.png,train,1,circle,red,shape,color
train/train_0533.png,train,0,square,blue,shape,color
train/train_0534.png,train,0,square,blue,shape,color
train/train_0535.png,train,0,square,blue,shape,color
train/train_0536.png,train,1,circle,red,shape,color
train/train_0537.png,train,0,square,blue,shape,color
train/train_0538.png,train,0,square,blue,shape,color
train/train_0539.png,train,1,circle,red,shape,color
train/train_0540.png,train,1,circle,red,shape,color
train/train_0541.png,train,1,circle,red,shape,color
train/train_0542.png,train,0,square,blue,shape,color
train/train_0543.png,train,0,square,blue,shape,color
train/train_0544.png,train,0,square,blue,shape,color
train/train_0545.png,train,0,square,blue,shape,color
train/train_0546.png,train,1,circle,red,shape,color
train/train_0547.png,train,0,square,blue,shape,color
train/train_0548.png,train,0,square,blue,shape,color
train/train_0549.png,train,1,circle,red,shape,color
train/train_0550.png,train,1,circle,red,shape,color
train/train_0551.png,train,1,circle,red,shape,color
train/train_0552.png,train,0,square,blue,shape,color
train/train_0553.png,train,1,circle,red,shape,color
train/train_0554.png,train,0,square,blue,shape,color
train/train_0555.png,train,1,circle,red,shape,color
train/train_0556.png,train,1,circle,red,shape,color
train/train_0557.png,train,0,square,blue,shape,color
train/train_0558.png,train,1,circle,red,shape,color
train/train_0559.png,train,1,circle,red,shape,color
train/train_0560.png,train,1,circle,red,shape,color
train/train_0561.png,train,0,square,blue,shape,color
train/train_0562.png,train,1,circle,red,shape,color
train/train_0563.png,train,0,square,blue,shape,color
train/train_0564.png,train,1,circle,red,shape,color
train/train_0565.png,train,1,circle,red,shape,color
train/train_0566.png,train,1,circle,red,shape,color
train/train_0567.png,train,1,circle,red,shape,color
train/train_0568.png,train,1,circle,red,shape,color
train/train_0569.png,train,1,circle,red,shape,color
train/train_0570.png,train,0,square,blue,shape,color
train/train_0571.png,train,0,square,blue,shape,color
train/train_0572.png,train,1,circle,red,shape,color
train/train_0573.png,train,1,circle,red,shape,color
train/train_0574.png,train,0,square,blue,shape,color
train/train_0575.png,train,1,circle,red,shape,color
train/train_0576.png,train,1,circle,red,shape,color
train/train_0577.png,train,1,circle,red,shape,color
train/train_0578.png,train,0,square,blue,shape,color
train/train_0579.png,train,1,circle,red,shape,color
train/train_0580.png,train,1,circle,red,shape,color
train/train_0581.png,train,0,square,blue,shape,color
train/train_0582.png,train,1,circle,red,shape,color
train/train_0583.png,train,0,square,blue,shape,color
train/train_0584.png,train,1,circle,red,shape,color
train/train_0585.png,train,1,circle,red,shape,color
train/train_0586.png,train,1,circle,red,shape,color
train/train_0587.png,train,1,circle,red,shape,color
train/train_0588.png,train,1,circle,red,shape,color
train/train_0589.png,train,0,square,blue,shape,color
train/train_0590.png,train,0,square,blue,shape,color
train/train_0591.png,train,0,square,blue,shape,color
train/train_0592.png,train,0,square,blue,shape,color
train/train_0593.png,train,1,circle,red,shape,color
train/train_0594.png,train,1,circle,red,shape,color
train/train_0595.png,train,0,square,blue,shape,color
train/train_0596.png,train,1,circle,red,shape,color
train/train_0597.png,train,1,circle,red,shape,color
train/train_0598.png,train,1,circle,red,shape,color
train/train_0599.png,train,0,square,blue,shape,color
train/train_0600.png,train,0,square,blue,shape,color
train/train_0601.png,train,1,circle,red,shape,color
train/train_0602.png,train,0,square,blue,shape,color
train/train_0603.png,train,1,circle,red,shape,color
train/train_0604.png,train,0,square,blue,shape,color
train/train_0605.png,train,1,circle,red,shape,color
train/train_0606.png,train,1,circle,red,shape,color
train/train_0607.png,train,1,circle,red,shape,color
train/train_0608.png,train,1,circle,red,shape,color
train/train_0609.png,train,1,circle,red,shape,color
train/train_0610.png,train,1,circle,red,shape,color
train/train_0611.png,train,1,circle,red,shape,color
train/train_0612.png,train,1,circle,red,shape,color
train/train_0613.png,train,1,circle,red,shape,color
train/train_0614.png,train,1,circle,red,shape,color
train/train_0615.png,train,1,circle,red,shape,color
train/train_0616.png,train,0,square,blue,shape,color
train/train_0617.png,train,0,square,blue,shape,color
train/train_0618.png,train,0,square,blue,shape,color
train/train_0619.png,train,1,circle,red,shape,color
train/train_0620.png,train,0,square,blue,shape,color
train/train_0621.png,train,0,square,blue,shape,color
train/train_0622.png,train,0,square,blue,shape,color
train/train_0623.png,train,0,square,blue,shape,color
train/train_0624.png,train,1,circle,red,shape,color
train/train_0625.png,train,1,circle,red,shape,color
train/train_0626.png,train,1,circle,red,shape,color
train/train_0627.png,train,0,square,blue,shape,color
train/train_0628.png,train,0,square,blue,shape,color
train/train_0629.png,train,1,circle,red,shape,color
train/train_0630.png,train,0,square,blue,shape,color
train/train_0631.png,train,1,circle,red,shape,color
train/train_0632.png,train,0,square,blue,shape,color
train/train_0633.png,train,1,circle,red,shape,color
train/train_0634.png,train,0,square,blue,shape,color
train/train_0635.png,train,0,square,blue,shape,color
train/train_0636.png,train,1,circle,red,shape,color
train/train_0637.png,train,0,square,blue,shape,color
train/train_0638.png,train,0,square,blue,shape,color
train/train_0639.png,train,1,circle,red,shape,color
train/train_0640.png,train,0,square,blue,shape,color
train/train_0641.png,train,1,circle,red,shape,color
train/train_0642.png,train,0,square,blue,shape,color
train/train_0643.png,train,0,square,blue,shape,color
train/train_0644.png,train,1,circle,red,shape,color
train/train_0645.png,train,1,circle,red,shape,color
train/train_0646.png,train,1,circle,red,shape,color
train/train_0647.png,train,1,circle,red,shape,color
train/train_0648.png,train,1,circle,red,shape,color
train/train_0649.png,train,0,square,blue,shape,color
train/train_0650.png,train,0,square,blue,shape,color
train/train_0651.png,train,1,circle,red,shape,color
train/train_0652.png,train,1,circle,red,shape,color
train/train_0653.png,train,0,square,blue,shape,color
train/train_0654.png,train,0,square,blue,shape,color
train/train_0655.png,train,1,circle,red,shape,color
train/train_0656.png,train,1,circle,red,shape,color
train/train_0657.png,train,0,square,blue,shape,color
train/train_0658.png,train,0,square,blue,shape,color
train/train_0659.png,train,0,square,blue,shape,color
train/train_0660.png,train,0,square,blue,shape,color
train/train_0661.png,train,1,circle,red,shape,color
train/train_0662.png,train,0,square,blue,shape,color
train/train_0663.png,train,0,square,blue,shape,color
train/train_0664.png,train,0,square,blue,shape,color
train/train_0665.png,train,1,circle,red,shape,color
train/train_0666.png,train,0,square,blue,shape,color
train/train_0667.png,train,1,circle,red,shape,color
train/train_0668.png,train,1,circle,red,shape,color
train/train_0669.png,train,1,circle,red,shape,color
train/train_0670.png,train,1,circle,red,shape,color
train/train_0671.png,train,1,circle,red,shape,color
train/train_0672.png,train,1,circle,red,shape,color
train/train_0673.png,train,0,square,blue,shape,color
train/train_0674.png,train,0,square,blue,shape,color
train/train_0675.png,train,0,square,blue,shape,color
train/train_0676.png,train,0,square,blue,shape,color
train/train_0677.png,train,1,circle,red,shape,color
train/train_0678.png,train,0,square,blue,shape,color
train/train_0679.png,train,0,square,blue,shape,color
train/train_0680.png,train,0,square,blue,shape,color
train/train_0681.png,train,0,square,blue,shape,color
train/train_0682.png,train,0,square,blue,shape,color
train/train_0683.png,train,0,square,blue,shape,color
train/train_0684.png,train,0,square,blue,shape,color
train/train_0685.png,train,1,circle,red,shape,color
train/train_0686.png,train,1,circle,red,shape,color
train/train_0687.png,train,1,circle,red,shape,color
train/train_0688.png,train,1,circle,red,shape,color
train/train_0689.png,train,0,square,blue,shape,color
train/train_0690.png,train,0,square,blue,shape,color
train/train_0691.png,train,1,circle,red,shape,color
train/train_0692.png,train,1,circle,red,shape,color
train/train_0693.png,train,1,circle,red,shape,color
train/train_0694.png,train,0,square,blue,shape,color
train/train_0695.png,train,0,square,blue,shape,color
train/train_0696.png,train,1,circle,red,shape,color
train/train_0697.png,train,0,square,blue,shape,color
train/train_0698.png,train,1,circle,red,shape,color
train/train_0699.png,train,0,square,blue,shape,color
train/train_0700.png,train,0,square,blue,shape,color
train/train_0701.png,train,0,square,blue,shape,color
train/train_0702.png,train,1,circle,red,shape,color
train/train_0703.png,train,0,square,blue,shape,color
train/train_0704.png,train,0,square,blue,shape,color
train/train_0705.png,train,0,square,blue,shape,color
train/train_0706.png,train,0,square,blue,shape,color
train/train_0707.png,train,1,circle,red,shape,color
train/train_0708.png,train,1,circle,red,shape,color
train/train_0709.png,train,1,circle,red,shape,color
train/train_0710.png,train,0,square,blue,shape,color
train/train_0711.png,train,1,circle,red,shape,color
train/train_0712.png,train,1,circle,red,shape,color
train/train_0713.png,train,1,circle,red,shape,color
train/train_0714.png,train,1,circle,red,shape,color
train/train_0715.png,train,1,circle,red,shape,color
train/train_0716.png,train,1,circle,red,shape,color
train/train_0717.png,train,0,square,blue,shape,color
train/train_0718.png,train,0,square,blue,shape,color
train/train_0719.png,train,1,circle,red,shape,color
train/train_0720.png,train,1,circle,red,shape,color
train/train_0721.png,train,1,circle,red,shape,color
train/train_0722.png,train,0,square,blue,shape,color
train/train_0723.png,train,0,square,blue,shape,color
train/train_0724.png,train,0,square,blue,shape,color
train/train_0725.png,train,0,square,blue,shape,color
train/train_0726.png,train,1,circle,red,shape,color
train/train_0727.png,train,0,square,blue,shape,color
train/train_0728.png,train,0,square,blue,shape,color
train/train_0729.png,train,1,circle,red,shape,color
train/train_0730.png,train,1,circle,red,shape,color
train/train_0731.png,train,1,circle,red,shape,color
train/train_0732.png,train,0,square,blue,shape,color
train/train_0733.png,train,1,circle,red,shape,color
train/train_0734.png,train,1,circle,red,shape,color
train/train_0735.png,train,0,square,blue,shape,color
train/train_0736.png,train,1,circle,red,shape,color
train/train_0737.png,train,1,circle,red,shape,color
train/train_0738.png,train,1,circle,red,shape,color
train/train_0739.png,train,1,circle,red,shape,color
train/train_0740.png,train,1,circle,red,shape,color
train/train_0741.png,train,0,square,blue,shape,color
train/train_0742.png,train,0,square,blue,shape,color
train/train_0743.png,train,1,circle,red,shape,color
train/train_0744.png,train,1,circle,red,shape,color
train/train_0745.png,train,1,circle,red,shape,color
train/train_0746.png,train,1,circle,red,shape,color
train/train_0747.png,train,1,circle,red,shape,color
train/train_0748.png,train,0,square,blue,shape,color
train/train_0749.png,train,1,circle,red,shape,color
train/train_0750.png,train,0,square,blue,shape,color
train/train_0751.png,train,1,circle,red,shape,color
train/train_0752.png,train,1,circle,red,shape,color
train/train_0753.png,train,1,circle,red,shape,color
train/train_0754.png,train,0,square,blue,shape,color
train/train_0755.png,train,1,circle,red,shape,color
train/train_0756.png,train,0,square,blue,shape,color
train/train_0757.png,train,1,circle,red,shape,color
train/train_0758.png,train,1,circle,red,shape,color
train/train_0759.png,train,0,square,blue,shape,color
train/train_0760.png,train,0,square,blue,shape,color
train/train_0761.png,train,1,circle,red,shape,color
train/train_0762.png,train,1,circle,red,shape,color
train/train_0763.png,train,1,circle,red,shape,color
train/train_0764.png,train,0,square,blue,shape,color
train/train_0765.png,train,0,square,blue,shape,color
train/train_0766.png,train,1,circle,red,shape,color
train/train_0767.png,train,0,square,blue,shape,color
train/train_0768.png,train,1,circle,red,shape,color
train/train_0769.png,train,1,circle,red,shape,color
train/train_0770.png,train,1,circle,red,shape,color
train/train_0771.png,train,0,square,blue,shape,color
train/train_0772.png,train,0,square,blue,shape,color
train/train_0773.png,train,0,square,blue,shape,color
train/train_0774.png,train,0,square,blue,shape,color
train/train_0775.png,train,1,circle,red,shape,color
train/train_0776.png,train,0,square,blue,shape,color
train/train_0777.png,train,1,circle,red,shape,color
train/train_0778.png,train,0,square,blue,shape,color
train/train_0779.png,train,0,square,blue,shape,color
train/train_0780.png,train,0,square,blue,shape,color
train/train_0781.png,train,1,circle,red,shape,color
train/train_0782.png,train,0,square,blue,shape,color
train/train_0783.png,train,0,square,blue,shape,color
train/train_0784.png,train,1,circle,red,shape,color
train/train_0785.png,train,1,circle,red,shape,color
train/train_0786.png,train,1,circle,red,shape,color
train/train_0787.png,train,1,circle,red,shape,color
train/train_0788.png,train,1,circle,red,shape,color
train/train_0789.png,train,1,circle,red,shape,color
train/train_0790.png,train,0,square,blue,shape,color
train/train_0791.png,train,1,circle,red,shape,color
train/train_0792.png,train,0,square,blue,shape,color
train/train_0793.png,train,1,circle,red,shape,color
train/train_0794.png,train,0,square,blue,shape,color
train/train_0795.png,train,0,square,blue,shape,color
train/train_0796.png,train,0,square,blue,shape,color
train/train_0797.png,train,1,circle,red,shape,color
train/train_0798.png,train,1,circle,red,shape,color
train/train_0799.png,train,1,circle,red,shape,color
train/train_0800.png,train,1,circle,red,shape,color
train/train_0801.png,train,0,square,blue,shape,color
train/train_0802.png,train,1,circle,red,shape,color
train/train_0803.png,train,1,circle,red,shape,color
train/train_0804.png,train,1,circle,red,shape,color
train/train_0805.png,train,0,square,blue,shape,color
train/train_0806.png,train,1,circle,red,shape,color
train/train_0807.png,train,1,circle,red,shape,color
train/train_0808.png,train,1,circle,red,shape,color
train/train_0809.png,train,1,circle,red,shape,color
train/train_0810.png,train,1,circle,red,shape,color
train/train_0811.png,train,1,circle,red,shape,color
train/train_0812.png,train,1,circle,red,shape,color
train/train_0813.png,train,0,square,blue,shape,color
train/train_0814.png,train,0,square,blue,shape,color
train/train_0815.png,train,1,circle,red,shape,color
train/train_0816.png,train,0,square,blue,shape,color
train/train_0817.png,train,1,circle,red,shape,color
train/train_0818.png,train,0,square,blue,shape,color
train/train_0819.png,train,1,circle,red,shape,color
train/train_0820.png,train,1,circle,red,shape,color
train/train_0821.png,train,1,circle,red,shape,color
train/train_0822.png,train,1,circle,red,shape,color
train/train_0823.png,train,0,square,blue,shape,color
train/train_0824.png,train,1,circle,red,shape,color
train/train_0825.png,train,0,square,blue,shape,color
train/train_0826.png,train,0,square,blue,shape,color
train/train_0827.png,train,1,circle,red,shape,color
train/train_0828.png,train,0,square,blue,shape,color
train/train_0829.png,train,1,circle,red,shape,color
train/train_0830.png,train,0,square,blue,shape,color
train/train_0831.png,train,1,circle,red,shape,color
train/train_0832.png,train,0,square,blue,shape,color
train/train_0833.png,train,0,square,blue,shape,color
train/train_0834.png,train,1,circle,red,shape,color
train/train_0835.png,train,0,square,blue,shape,color
train/train_0836.png,train,0,square,blue,shape,color
train/train_0837.png,train,1,circle,red,shape,color
train/train_0838.png,train,1,circle,red,shape,color
train/train_0839.png,train,1,circle,red,shape,color
train/train_0840.png,train,1,circle,red,shape,color
train/train_0841.png,train,0,square,blue,shape,color
train/train_0842.png,train,1,circle,red,shape,color
train/train_0843.png,train,1,circle,red,shape,color
train/train_0844.png,train,1,circle,red,shape,color
train/train_0845.png,train,1,circle,red,shape,color
train/train_0846.png,train,0,square,blue,shape,color
train/train_0847.png,train,0,square,blue,shape,color
train/train_0848.png,train,0,square,blue,shape,color
train/train_0849.png,train,1,circle,red,shape,color
train/train_0850.png,train,0,square,blue,shape,color
train/train_0851.png,train,0,square,blue,shape,color
train/train_0852.png,train,1,circle,red,shape,color
train/train_0853.png,train,0,square,blue,shape,color
train/train_0854.png,train,0,square,blue,shape,color
train/train_0855.png,train,1,circle,red,shape,color
train/train_0856.png,train,0,square,blue,shape,color
train/train_0857.png,train,1,circle,red,shape,color
train/train_0858.png,train,0,square,blue,shape,color
train/train_0859.png,train,0,square,blue,shape,color
train/train_0860.png,train,1,circle,red,shape,color
train/train_0861.png,train,0,square,blue,shape,color
train/train_0862.png,train,1,circle,red,shape,color
train/train_0863.png,train,1,circle,red,shape,color
train/train_0864.png,train,1,circle,red,shape,color
train/train_0865.png,train,1,circle,red,shape,color
train/train_0866.png,train,0,square,blue,shape,color
train/train_0867.png,train,0,square,blue,shape,color
train/train_0868.png,train,1,circle,red,shape,color
train/train_0869.png,train,0,square,blue,shape,color
train/train_0870.png,train,0,square,blue,shape,color
train/train_0871.png,train,0,square,blue,shape,color
train/train_0872.png,train,0,square,blue,shape,color
train/train_0873.png,train,1,circle,red,shape,color
train/train_0874.png,train,0,square,blue,shape,color
train/train_0875.png,train,1,circle,red,shape,color
train/train_0876.png,train,0,square,blue,shape,color
train/train_0877.png,train,0,square,blue,shape,color
train/train_0878.png,train,1,circle,red,shape,color
train/train_0879.png,train,1,circle,red,shape,color
train/train_0880.png,train,1,circle,red,shape,color
train/train_0881.png,train,1,circle,red,shape,color
train/train_0882.png,train,0,square,blue,shape,color
train/train_0883.png,train,1,circle,red,shape,color
train/train_0884.png,train,1,circle,red,shape,color
train/train_0885.png,train,0,square,blue,shape,color
train/train_0886.png,train,0,square,blue,shape,color
train/train_0887.png,train,1,circle,red,shape,color
train/train_0888.png,train,1,circle,red,shape,color
train/train_0889.png,train,1,circle,red,shape,color
train/train_0890.png,train,1,circle,red,shape,color
train/train_0891.png,train,1,circle,red,shape,color
train/train_0892.png,train,1,circle,red,shape,color
train/train_0893.png,train,1,circle,red,shape,color
train/train_0894.png,train,0,square,blue,shape,color
train/train_0895.png,train,1,circle,red,shape,color
train/train_0896.png,train,1,circle,red,shape,color
train/train_0897.png,train,0,square,blue,shape,color
train/train_0898.png,train,0,square,blue,shape,color
train/train_0899.png,train,1,circle,red,shape,color
train/train_0900.png,train,1,circle,red,shape,color
train/train_0901.png,train,1,circle,red,shape,color
train/train_0902.png,train,1,circle,red,shape,color
train/train_0903.png,train,0,square,blue,shape,color
train/train_0904.png,train,1,circle,red,shape,color
train/train_0905.png,train,1,circle,red,shape,color
train/train_0906.png,train,0,square,blue,shape,color
train/train_0907.png,train,0,square,blue,shape,color
train/train_0908.png,train,1,circle,red,shape,color
train/train_0909.png,train,1,circle,red,shape,color
train/train_0910.png,train,0,square,blue,shape,color
train/train_0911.png,train,1,circle,red,shape,color
train/train_0912.png,train,0,square,blue,shape,color
train/train_0913.png,train,0,square,blue,shape,color
train/train_0914.png,train,1,circle,red,shape,color
train/train_0915.png,train,0,square,blue,shape,color
train/train_0916.png,train,0,square,blue,shape,color
train/train_0917.png,train,0,square,blue,shape,color
train/train_0918.png,train,1,circle,red,shape,color
train/train_0919.png,train,1,circle,red,shape,color
train/train_0920.png,train,0,square,blue,shape,color
train/train_0921.png,train,1,circle,red,shape,color
train/train_0922.png,train,0,square,blue,shape,color
train/train_0923.png,train,0,square,blue,shape,color
train/train_0924.png,train,1,circle,red,shape,color
train/train_0925.png,train,1,circle,red,shape,color
train/train_0926.png,train,1,circle,red,shape,color
train/train_0927.png,train,0,square,blue,shape,color
train/train_0928.png,train,0,square,blue,shape,color
train/train_0929.png,train,0,square,blue,shape,color
train/train_0930.png,train,1,circle,red,shape,color
train/train_0931.png,train,1,circle,red,shape,color
train/train_0932.png,train,0,square,blue,shape,color
train/train_0933.png,train,1,circle,red,shape,color
train/train_0934.png,train,1,circle,red,shape,color
train/train_0935.png,train,1,circle,red,shape,color
train/train_0936.png,train,1,circle,red,shape,color
train/train_0937.png,train,0,square,blue,shape,color
train/train_0938.png,train,1,circle,red,shape,color
train/train_0939.png,train,0,square,blue,shape,color
train/train_0940.png,train,0,square,blue,shape,color
train/train_0941.png,train,0,square,blue,shape,color
train/train_0942.png,train,1,circle,red,shape,color
train/train_0943.png,train,1,circle,red,shape,color
train/train_0944.png,train,0,square,blue,shape,color
train/train_0945.png,train,1,circle,red,shape,color
train/train_0946.png,train,0,square,blue,shape,color
train/train_0947.png,train,1,circle,red,shape,color
train/train_0948.png,train,0,square,blue,shape,color
train/train_0949.png,train,1,circle,red,shape,color
train/train_0950.png,train,1,circle,red,shape,color
train/train_0951.png,train,1,circle,red,shape,color
train/train_0952.png,train,1,circle,red,shape,color
train/train_0953.png,train,1,circle,red,shape,color
train/train_0954.png,train,0,square,blue,shape,color
train/train_0955.png,train,0,square,blue,shape,color
train/train_0956.png,train,1,circle,red,shape,color
train/train_0957.png,train,0,square,blue,shape,color
train/train_0958.png,train,1,circle,red,shape,color
train/train_0959.png,train,0,square,blue,shape,color
train/train_0960.png,train,0,square,blue,shape,color
train/train_0961.png,train,1,circle,red,shape,color
train/train_0962.png,train,1,circle,red,shape,color
train/train_0963.png,train,1,circle,red,shape,color
train/train_0964.png,train,0,square,blue,shape,color
train/train_0965.png,train,0,square,blue,shape,color
train/train_0966.png,train,0,square,blue,shape,color
train/train_0967.png,train,0,square,blue,shape,color
train/train_0968.png,train,1,circle,red,shape,color
train/train_0969.png,train,1,circle,red,shape,color
train/train_0970.png,train,0,square,blue,shape,color
train/train_0971.png,train,0,square,blue,shape,color
train/train_0972.png,train,0,square,blue,shape,color
train/train_0973.png,train,0,square,blue,shape,color
train/train_0974.png,train,1,circle,red,shape,color
train/train_0975.png,train,1,circle,red,shape,color
train/train_0976.png,train,1,circle,red,shape,color
train/train_0977.png,train,1,circle,red,shape,color
train/train_0978.png,train,0,square,blue,shape,color
train/train_0979.png,train,1,circle,red,shape,color
train/train_0980.png,train,0,square,blue,shape,color
train/train_0981.png,train,1,circle,red,shape,color
train/train_0982.png,train,1,circle,red,shape,color
train/train_0983.png,train,1,circle,red,shape,color
train/train_0984.png,train,0,square,blue,shape,color
train/train_0985.png,train,1,circle,red,shape,color
train/train_0986.png,train,0,square,blue,shape,color
train/train_0987.png,train,1,circle,red,shape,color
train/train_0988.png,train,1,circle,red,shape,color
train/train_0989.png,train,0,square,blue,shape,color
train/train_0990.png,train,1,circle,red,shape,color
train/train_0991.png,train,0,square,blue,shape,color
train/train_0992.png,train,1,circle,red,shape,color
train/train_0993.png,train,1,circle,red,shape,color
train/train_0994.png,train,0,square,blue,shape,color
train/train_0995.png,train,1,circle,red,shape,color
train/train_0996.png,train,1,circle,red,shape,color
train/train_0997.png,train,0,square,blue,shape,color
train/train_0998.png,train,0,square,blue,shape,color
train/train_0999.png,train,1,circle,red,shape,color
test_id/test_id_0000.png,test_id,0,square,blue,shape,color
test_id/test_id_0001.png,test_id,0,square,blue,shape,color
test_id/test_id_0002.png,test_id,0,square,blue,shape,color
test_id/test_id_0003.png,test_id,0,square,blue,shape,color
test_id/test_id_0004.png,test_id,1,circle,red,shape,color
test_id/test_id_0005.png,test_id,0,square,blue,shape,color
test_id/test_id_0006.png,test_id,0,square,blue,shape,color
test_id/test_id_0007.png,test_id,0,square,blue,shape,color
test_id/test_id_0008.png,test_id,0,square,blue,shape,color
test_id/test_id_0009.png,test_id,0,square,blue,shape,color
test_id/test_id_0010.png,test_id,0,square,blue,shape,color
test_id/test_id_0011.png,test_id,0,square,blue,shape,color
test_id/test_id_0012.png,test_id,1,circle,red,shape,color
test_id/test_id_0013.png,test_id,0,square,blue,shape,color
test_id/test_id_0014.png,test_id,0,square,blue,shape,color
test_id/test_id_0015.png,test_id,1,circle,red,shape,color
test_id/test_id_0016.png,test_id,0,square,blue,shape,color
test_id/test_id_0017.png,test_id,0,square,blue,shape,color
test_id/test_id_0018.png,test_id,1,circle,red,shape,color
test_id/test_id_0019.png,test_id,0,square,blue,shape,color
test_id/test_id_0020.png,test_id,0,square,blue,shape,color
test_id/test_id_0021.png,test_id,0,square,blue,shape,color
test_id/test_id_0022.png,test_id,0,square,blue,shape,color
test_id/test_id_0023.png,test_id,0,square,blue,shape,color
test_id/test_id_0024.png,test_id,1,circle,red,shape,color
test_id/test_id_0025.png,test_id,0,square,blue,shape,color
test_id/test_id_0026.png,test_id,1,circle,red,shape,color
test_id/test_id_0027.png,test_id,0,square,blue,shape,color
test_id/test_id_0028.png,test_id,0,square,blue,shape,color
test_id/test_id_0029.png,test_id,1,circle,red,shape,color
test_id/test_id_0030.png,test_id,0,square,blue,shape,color
test_id/test_id_0031.png,test_id,0,square,blue,shape,color
test_id/test_id_0032.png,test_id,1,circle,red,shape,color
test_id/test_id_0033.png,test_id,0,square,blue,shape,color
test_id/test_id_0034.png,test_id,0,square,blue,shape,color
test_id/test_id_0035.png,test_id,1,circle,red,shape,color
test_id/test_id_0036.png,test_id,1,circle,red,shape,color
test_id/test_id_0037.png,test_id,1,circle,red,shape,color
test_id/test_id_0038.png,test_id,0,square,blue,shape,color
test_id/test_id_0039.png,test_id,1,circle,red,shape,color
test_id/test_id_0040.png,test_id,0,square,blue,shape,color
test_id/test_id_0041.png,test_id,0,square,blue,shape,color
test_id/test_id_0042.png,test_id,1,circle,red,shape,color
test_id/test_id_0043.png,test_id,1,circle,red,shape,color
test_id/test_id_0044.png,test_id,0,square,blue,shape,color
test_id/test_id_0045.png,test_id,0,square,blue,shape,color
test_id/test_id_0046.png,test_id,1,circle,red,shape,color
test_id/test_id_0047.png,test_id,1,circle,red,shape,color
test_id/test_id_0048.png,test_id,1,circle,red,shape,color
test_id/test_id_0049.png,test_id,0,square,blue,shape,color
test_id/test_id_0050.png,test_id,1,circle,red,shape,color
test_id/test_id_0051.png,test_id,1,circle,red,shape,color
test_id/test_id_0052.png,test_id,0,square,blue,shape,color
test_id/test_id_0053.png,test_id,0,square,blue,shape,color
test_id/test_id_0054.png,test_id,1,circle,red,shape,color
test_id/test_id_0055.png,test_id,0,square,blue,shape,color
test_id/test_id_0056.png,test_id,0,square,blue,shape,color
test_id/test_id_0057.png,test_id,0,square,blue,shape,color
test_id/test_id_0058.png,test_id,1,circle,red,shape,color
test_id/test_id_0059.png,test_id,1,circle,red,shape,color
test_id/test_id_0060.png,test_id,1,circle,red,shape,color
test_id/test_id_0061.png,test_id,1,circle,red,shape,color
test_id/test_id_0062.png,test_id,1,circle,red,shape,color
test_id/test_id_0063.png,test_id,1,circle,red,shape,color
test_id/test_id_0064.png,test_id,0,square,blue,shape,color
test_id/test_id_0065.png,test_id,0,square,blue,shape,color
test_id/test_id_0066.png,test_id,0,square,blue,shape,color
test_id/test_id_0067.png,test_id,1,circle,red,shape,color
test_id/test_id_0068.png,test_id,1,circle,red,shape,color
test_id/test_id_0069.png,test_id,0,square,blue,shape,color
test_id/test_id_0070.png,test_id,1,circle,red,shape,color
test_id/test_id_0071.png,test_id,1,circle,red,shape,color
test_id/test_id_0072.png,test_id,1,circle,red,shape,color
test_id/test_id_0073.png,test_id,1,circle,red,shape,color
test_id/test_id_0074.png,test_id,1,circle,red,shape,color
test_id/test_id_0075.png,test_id,0,square,blue,shape,color
test_id/test_id_0076.png,test_id,1,circle,red,shape,color
test_id/test_id_0077.png,test_id,1,circle,red,shape,color
test_id/test_id_0078.png,test_id,1,circle,red,shape,color
test_id/test_id_0079.png,test_id,1,circle,red,shape,color
test_id/test_id_0080.png,test_id,1,circle,red,shape,color
test_id/test_id_0081.png,test_id,0,square,blue,shape,color
test_id/test_id_0082.png,test_id,1,circle,red,shape,color
test_id/test_id_0083.png,test_id,0,square,blue,shape,color
test_id/test_id_0084.png,test_id,0,square,blue,shape,color
test_id/test_id_0085.png,test_id,0,square,blue,shape,color
test_id/test_id_0086.png,test_id,0,square,blue,shape,color
test_id/test_id_0087.png,test_id,1,circle,red,shape,color
test_id/test_id_0088.png,test_id,0,square,blue,shape,color
test_id/test_id_0089.png,test_id,1,circle,red,shape,color
test_id/test_id_0090.png,test_id,0,square,blue,shape,color
test_id/test_id_0091.png,test_id,0,square,blue,shape,color
test_id/test_id_0092.png,test_id,1,circle,red,shape,color
test_id/test_id_0093.png,test_id,0,square,blue,shape,color
test_id/test_id_0094.png,test_id,1,circle,red,shape,color
test_id/test_id_0095.png,test_id,1,circle,red,shape,color
test_id/test_id_0096.png,test_id,1,circle,red,shape,color
test_id/test_id_0097.png,test_id,0,square,blue,shape,color
test_id/test_id_0098.png,test_id,1,circle,red,shape,color
test_id/test_id_0099.png,test_id,1,circle,red,shape,color
test_id/test_id_0100.png,test_id,1,circle,red,shape,color
test_id/test_id_0101.png,test_id,0,square,blue,shape,color
test_id/test_id_0102.png,test_id,0,square,blue,shape,color
test_id/test_id_0103.png,test_id,0,square,blue,shape,color
test_id/test_id_0104.png,test_id,1,circle,red,shape,color
test_id/test_id_0105.png,test_id,0,square,blue,shape,color
test_id/test_id_0106.png,test_id,0,square,blue,shape,color
test_id/test_id_0107.png,test_id,1,circle,red,shape,color
test_id/test_id_0108.png,test_id,1,circle,red,shape,color
test_id/test_id_0109.png,test_id,0,square,blue,shape,color
test_id/test_id_0110.png,test_id,1,circle,red,shape,color
test_id/test_id_0111.png,test_id,0,square,blue,shape,color
test_id/test_id_0112.png,test_id,1,circle,red,shape,color
test_id/test_id_0113.png,test_id,0,square,blue,shape,color
test_id/test_id_0114.png,test_id,1,circle,red,shape,color
test_id/test_id_0115.png,test_id,0,square,blue,shape,color
test_id/test_id_0116.png,test_id,0,square,blue,shape,color
test_id/test_id_0117.png,test_id,1,circle,red,shape,color
test_id/test_id_0118.png,test_id,1,circle,red,shape,color
test_id/test_id_0119.png,test_id,1,circle,red,shape,color
test_id/test_id_0120.png,test_id,1,circle,red,shape,color
test_id/test_id_0121.png,test_id,0,square,blue,shape,color
test_id/test_id_0122.png,test_id,0,square,blue,shape,color
test_id/test_id_0123.png,test_id,0,square,blue,shape,color
test_id/test_id_0124.png,test_id,1,circle,red,shape,color
test_id/test_id_0125.png,test_id,0,square,blue,shape,color
test_id/test_id_0126.png,test_id,0,square,blue,shape,color
test_id/test_id_0127.png,test_id,0,square,blue,shape,color
test_id/test_id_0128.png,test_id,0,square,blue,shape,color
test_id/test_id_0129.png,test_id,0,square,blue,shape,color
test_id/test_id_0130.png,test_id,1,circle,red,shape,color
test_id/test_id_0131.png,test_id,1,circle,red,shape,color
test_id/test_id_0132.png,test_id,1,circle,red,shape,color
test_id/test_id_0133.png,test_id,1,circle,red,shape,color
test_id/test_id_0134.png,test_id,0,square,blue,shape,color
test_id/test_id_0135.png,test_id,1,circle,red,shape,color
test_id/test_id_0136.png,test_id,1,circle,red,shape,color
test_id/test_id_0137.png,test_id,1,circle,red,shape,color
test_id/test_id_0138.png,test_id,0,square,blue,shape,color
test_id/test_id_0139.png,test_id,0,square,blue,shape,color
test_id/test_id_0140.png,test_id,0,square,blue,shape,color
test_id/test_id_0141.png,test_id,0,square,blue,shape,color
test_id/test_id_0142.png,test_id,0,square,blue,shape,color
test_id/test_id_0143.png,test_id,0,square,blue,shape,color
test_id/test_id_0144.png,test_id,1,circle,red,shape,color
test_id/test_id_0145.png,test_id,1,circle,red,shape,color
test_id/test_id_0146.png,test_id,1,circle,red,shape,color
test_id/test_id_0147.png,test_id,1,circle,red,shape,color
test_id/test_id_0148.png,test_id,1,circle,red,shape,color
test_id/test_id_0149.png,test_id,1,circle,red,shape,color
test_id/test_id_0150.png,test_id,1,circle,red,shape,color
test_id/test_id_0151.png,test_id,0,square,blue,shape,color
test_id/test_id_0152.png,test_id,0,square,blue,shape,color
test_id/test_id_0153.png,test_id,1,circle,red,shape,color
test_id/test_id_0154.png,test_id,1,circle,red,shape,color
test_id/test_id_0155.png,test_id,0,square,blue,shape,color
test_id/test_id_0156.png,test_id,1,circle,red,shape,color
test_id/test_id_0157.png,test_id,1,circle,red,shape,color
test_id/test_id_0158.png,test_id,1,circle,red,shape,color
test_id/test_id_0159.png,test_id,0,square,blue,shape,color
test_id/test_id_0160.png,test_id,0,square,blue,shape,color
test_id/test_id_0161.png,test_id,1,circle,red,shape,color
test_id/test_id_0162.png,test_id,0,square,blue,shape,color
test_id/test_id_0163.png,test_id,0,square,blue,shape,color
test_id/test_id_0164.png,test_id,0,square,blue,shape,color
test_id/test_id_0165.png,test_id,1,circle,red,shape,color
test_id/test_id_0166.png,test_id,0,square,blue,shape,color
test_id/test_id_0167.png,test_id,0,square,blue,shape,color
test_id/test_id_0168.png,test_id,1,circle,red,shape,color
test_id/test_id_0169.png,test_id,1,circle,red,shape,color
test_id/test_id_0170.png,test_id,1,circle,red,shape,color
test_id/test_id_0171.png,test_id,0,square,blue,shape,color
test_id/test_id_0172.png,test_id,0,square,blue,shape,color
test_id/test_id_0173.png,test_id,1,circle,red,shape,color
test_id/test_id_0174.png,test_id,1,circle,red,shape,color
test_id/test_id_0175.png,test_id,0,square,blue,shape,color
test_id/test_id_0176.png,test_id,0,square,blue,shape,color
test_id/test_id_0177.png,test_id,1,circle,red,shape,color
test_id/test_id_0178.png,test_id,0,square,blue,shape,color
test_id/test_id_0179.png,test_id,1,circle,red,shape,color
test_id/test_id_0180.png,test_id,0,square,blue,shape,color
test_id/test_id_0181.png,test_id,1,circle,red,shape,color
test_id/test_id_0182.png,test_id,0,square,blue,shape,color
test_id/test_id_0183.png,test_id,1,circle,red,shape,color
test_id/test_id_0184.png,test_id,0,square,blue,shape,color
test_id/test_id_0185.png,test_id,1,circle,red,shape,color
test_id/test_id_0186.png,test_id,0,square,blue,shape,color
test_id/test_id_0187.png,test_id,1,circle,red,shape,color
test_id/test_id_0188.png,test_id,1,circle,red,shape,color
test_id/test_id_0189.png,test_id,1,circle,red,shape,color
test_id/test_id_0190.png,test_id,1,circle,red,shape,color
test_id/test_id_0191.png,test_id,1,circle,red,shape,color
test_id/test_id_0192.png,test_id,0,square,blue,shape,color
test_id/test_id_0193.png,test_id,1,circle,red,shape,color
test_id/test_id_0194.png,test_id,0,square,blue,shape,color
test_id/test_id_0195.png,test_id,1,circle,red,shape,color
test_id/test_id_0196.png,test_id,0,square,blue,shape,color
test_id/test_id_0197.png,test_id,1,circle,red,shape,color
test_id/test_id_0198.png,test_id,1,circle,red,shape,color
test_id/test_id_0199.png,test_id,0,square,blue,shape,color
test_ood/test_ood_0000.png,test_ood,1,circle,blue,shape,color
test_ood/test_ood_0001.png,test_ood,0,square,red,shape,color
test_ood/test_ood_0002.png,test_ood,0,square,red,shape,color
test_ood/test_ood_0003.png,test_ood,1,circle,blue,shape,color
test_ood/test_ood_0004.png,test_ood,1,circle,blue,shape,color
test_ood/test_ood_0005.png,test_ood,0,square,red,shape,color
test_ood/test_ood_0006.png,test_ood,1,circle,blue,shape,color
test_ood/test_ood_0007.png,test_ood,1,circle,blue,shape,color
test_ood/test_ood_0008.png,test_ood,1,circle,blue,shape,color
test_ood/test_ood_0009.png,test_ood,0,square,red,shape,color
test_ood/test_ood_0010.png,test_ood,1,circle,blue,shape,color
test_ood/test_ood_0011.png,test_ood,0,square,red,shape,color
test_ood/test_ood_0012.png,test_ood,0,square,red,shape,color
test_ood/test_ood_0013.png,test_ood,0,square,red,shape,color
test_ood/test_ood_0014.png,test_ood,0,square,red,shape,color
test_ood/test_ood_0015.png,test_ood,1,circle,blue,shape,color
test_ood/test_ood_0016.png,test_ood,1,circle,blue,shape,color
test_ood/test_ood_0017.png,test_ood,0,square,red,shape,color
test_ood/test_ood_0018.png,test_ood,0,square,red,shape,color
test_ood/test_ood_0019.png,test_ood,0,square,red,shape,color
test_ood/test_ood_0020.png,test_ood,0,square,red,shape,color
test_ood/test_ood_0021.png,test_ood,1,circle,blue,shape,color
test_ood/test_ood_0022.png,test_ood,0,square,red,shape,color
test_ood/test_ood_0023.png,test_ood,0,square,red,shape,color
test_ood/test_ood_0024.png,test_ood,0,square,red,shape,color
test_ood/test_ood_0025.png,test_ood,0,square,red,shape,color
test_ood/test_ood_0026.png,test_ood,0,square,red,shape,color
test_ood/test_ood_0027.png,test_ood,1,circle,blue,shape,color
test_ood/test_ood_0028.png,test_ood,1,circle,blue,shape,color
test_ood/test_ood_0029.png,test_ood,1,circle,blue,shape,color
test_ood/test_ood_0030.png,test_ood,1,circle,blue,shape,color
test_ood/test_ood_0031.png,test_ood,1,circle,blue,shape,color
test_ood/test_ood_0032.png,test_ood,0,square,red,shape,color
test_ood/test_ood_0033.png,test_ood,1,circle,blue,shape,color
test_ood/test_ood_0034.png,test_ood,0,square,red,shape,color
test_ood/test_ood_0035.png,test_ood,1,circle,blue,shape,color
test_ood/test_ood_0036.png,test_ood,1,circle,blue,shape,color
test_ood/test_ood_0037.png,test_ood,1,circle,blue,shape,color
test_ood/test_ood_0038.png,test_ood,1,circle,blue,shape,color
test_ood/test_ood_0039.png,test_ood,0,square,red,shape,color
test_ood/test_ood_0040.png,test_ood,1,circle,blue,shape,color
test_ood/test_ood_0041.png,test_ood,0,square,red,shape,color
test_ood/test_ood_0042.png,test_ood,1,circle,blue,shape,color
test_ood/test_ood_0043.png,test_ood,1,circle,blue,shape,color
test_ood/test_ood_0044.png,test_ood,1,circle,blue,shape,color
test_ood/test_ood_0045.png,test_ood,0,square,red,shape,color
test_ood/test_ood_0046.png,test_ood,0,square,red,shape,color
test_ood/test_ood_0047.png,test_ood,1,circle,blue,shape,color
test_ood/test_ood_0048.png,test_ood,1,circle,blue,shape,color
test_ood/test_ood_0049.png,test_ood,0,square,red,shape,color
test_ood/test_ood_0050.png,test_ood,0,square,red,shape,color
test_ood/test_ood_0051.png,test_ood,1,circle,blue,shape,color
test_ood/test_ood_0052.png,test_ood,1,circle,blue,shape,color
test_ood/test_ood_0053.png,test_ood,0,square,red,shape,color
test_ood/test_ood_0054.png,test_ood,1,circle,blue,shape,color
test_ood/test_ood_0055.png,test_ood,0,square,red,shape,color
test_ood/test_ood_0056.png,test_ood,1,circle,blue,shape,color
test_ood/test_ood_0057.png,test_ood,1,circle,blue,shape,color
test_ood/test_ood_0058.png,test_ood,0,square,red,shape,color
test_ood/test_ood_0059.png,test_ood,0,square,red,shape,color
test_ood/test_ood_0060.png,test_ood,1,circle,blue,shape,color
test_ood/test_ood_0061.png,test_ood,0,square,red,shape,color
test_ood/test_ood_0062.png,test_ood,1,circle,blue,shape,color
test_ood/test_ood_0063.png,test_ood,0,square,red,shape,color
test_ood/test_ood_0064.png,test_ood,0,square,red,shape,color
test_ood/test_ood_0065.png,test_ood,0,square,red,shape,color
test_ood/test_ood_0066.png,test_ood,0,square,red,shape,color
test_ood/test_ood_0067.png,test_ood,1,circle,blue,shape,color
test_ood/test_ood_0068.png,test_ood,1,circle,blue,shape,color
test_ood/test_ood_0069.png,test_ood,0,square,red,shape,color
test_ood/test_ood_0070.png,test_ood,1,circle,blue,shape,color
test_ood/test_ood_0071.png,test_ood,1,circle,blue,shape,color
test_ood/test_ood_0072.png,test_ood,1,circle,blue,shape,color
test_ood/test_ood_0073.png,test_ood,1,circle,blue,shape,color
test_ood/test_ood_0074.png,test_ood,1,circle,blue,shape,color
test_ood/test_ood_0075.png,test_ood,1,circle,blue,shape,color
test_ood/test_ood_0076.png,test_ood,0,square,red,shape,color
test_ood/test_ood_0077.png,test_ood,1,circle,blue,shape,color
test_ood/test_ood_0078.png,test_ood,0,square,red,shape,color
test_ood/test_ood_0079.png,test_ood,1,circle,blue,shape,color
test_ood/test_ood_0080.png,test_ood,0,square,red,shape,color
test_ood/test_ood_0081.png,test_ood,1,circle,blue,shape,color
test_ood/test_ood_0082.png,test_ood,1,circle,blue,shape,color
test_ood/test_ood_0083.png,test_ood,1,circle,blue,shape,color
test_ood/test_ood_0084.png,test_ood,0,square,red,shape,color
test_ood/test_ood_0085.png,test_ood,1,circle,blue,shape,color
test_ood/test_ood_0086.png,test_ood,0,square,red,shape,color
test_ood/test_ood_0087.png,test_ood,0,square,red,shape,color
test_ood/test_ood_0088.png,test_ood,1,circle,blue,shape,color
test_ood/test_ood_0089.png,test_ood,1,circle,blue,shape,color
test_ood/test_ood_0090.png,test_ood,1,circle,blue,shape,color
test_ood/test_ood_0091.png,test_ood,0,square,red,shape,color
test_ood/test_ood_0092.png,test_ood,0,square,red,shape,color
test_ood/test_ood_0093.png,test_ood,1,circle,blue,shape,color
test_ood/test_ood_0094.png,test_ood,1,circle,blue,shape,color
test_ood/test_ood_0095.png,test_ood,1,circle,blue,shape,color
test_ood/test_ood_0096.png,test_ood,0,square,red,shape,color
test_ood/test_ood_0097.png,test_ood,0,square,red,shape,color
test_ood/test_ood_0098.png,test_ood,1,circle,blue,shape,color
test_ood/test_ood_0099.png,test_ood,1,circle,blue,shape,color
test_ood/test_ood_0100.png,test_ood,0,square,red,shape,color
test_ood/test_ood_0101.png,test_ood,1,circle,blue,shape,color
test_ood/test_ood_0102.png,test_ood,1,circle,blue,shape,color
test_ood/test_ood_0103.png,test_ood,0,square,red,shape,color
test_ood/test_ood_0104.png,test_ood,0,square,red,shape,color
test_ood/test_ood_0105.png,test_ood,1,circle,blue,shape,color
test_ood/test_ood_0106.png,test_ood,1,circle,blue,shape,color
test_ood/test_ood_0107.png,test_ood,0,square,red,shape,color
test_ood/test_ood_0108.png,test_ood,0,square,red,shape,color
test_ood/test_ood_0109.png,test_ood,0,square,red,shape,color
test_ood/test_ood_0110.png,test_ood,0,square,red,shape,color
test_ood/test_ood_0111.png,test_ood,0,square,red,shape,color
test_ood/test_ood_0112.png,test_ood,1,circle,blue,shape,color
test_ood/test_ood_0113.png,test_ood,0,square,red,shape,color
test_ood/test_ood_0114.png,test_ood,0,square,red,shape,color
test_ood/test_ood_0115.png,test_ood,1,circle,blue,shape,color
test_ood/test_ood_0116.png,test_ood,0,square,red,shape,color
test_ood/test_ood_0117.png,test_ood,1,circle,blue,shape,color
test_ood/test_ood_0118.png,test_ood,0,square,red,shape,color
test_ood/test_ood_0119.png,test_ood,0,square,red,shape,color
test_ood/test_ood_0120.png,test_ood,0,square,red,shape,color
test_ood/test_ood_0121.png,test_ood,0,square,red,shape,color
test_ood/test_ood_0122.png,test_ood,1,circle,blue,shape,color
test_ood/test_ood_0123.png,test_ood,0,square,red,shape,color
test_ood/test_ood_0124.png,test_ood,1,circle,blue,shape,color
test_ood/test_ood_0125.png,test_ood,1,circle,blue,shape,color
test_ood/test_ood_0126.png,test_ood,0,square,red,shape,color
test_ood/test_ood_0127.png,test_ood,1,circle,blue,shape,color
test_ood/test_ood_0128.png,test_ood,1,circle,blue,shape,color
test_ood/test_ood_0129.png,test_ood,1,circle,blue,shape,color
test_ood/test_ood_0130.png,test_ood,0,square,red,shape,color
test_ood/test_ood_0131.png,test_ood,0,square,red,shape,color
test_ood/test_ood_0132.png,test_ood,1,circle,blue,shape,color
test_ood/test_ood_0133.png,test_ood,1,circle,blue,shape,color
test_ood/test_ood_0134.png,test_ood,0,square,red,shape,color
test_ood/test_ood_0135.png,test_ood,1,circle,blue,shape,color
test_ood/test_ood_0136.png,test_ood,1,circle,blue,shape,color
test_ood/test_ood_0137.png,test_ood,1,circle,blue,shape,color
test_ood/test_ood_0138.png,test_ood,1,circle,blue,shape,color
test_ood/test_ood_0139.png,test_ood,1,circle,blue,shape,color
test_ood/test_ood_0140.png,test_ood,1,circle,blue,shape,color
test_ood/test_ood_0141.png,test_ood,0,square,red,shape,color
test_ood/test_ood_0142.png,test_ood,0,square,red,shape,color
test_ood/test_ood_0143.png,test_ood,0,square,red,shape,color
test_ood/test_ood_0144.png,test_ood,1,circle,blue,shape,color
test_ood/test_ood_0145.png,test_ood,0,square,red,shape,color
test_ood/test_ood_0146.png,test_ood,1,circle,blue,shape,color
test_ood/test_ood_0147.png,test_ood,1,circle,blue,shape,color
test_ood/test_ood_0148.png,test_ood,0,square,red,shape,color
test_ood/test_ood_0149.png,test_ood,0,square,red,shape,color
test_ood/test_ood_0150.png,test_ood,1,circle,blue,shape,color
test_ood/test_ood_0151.png,test_ood,0,square,red,shape,color
test_ood/test_ood_0152.png,test_ood,0,square,red,shape,color
test_ood/test_ood_0153.png,test_ood,1,circle,blue,shape,color
test_ood/test_ood_0154.png,test_ood,1,circle,blue,shape,color
test_ood/test_ood_0155.png,test_ood,0,square,red,shape,color
test_ood/test_ood_0156.png,test_ood,1,circle,blue,shape,color
test_ood/test_ood_0157.png,test_ood,0,square,red,shape,color
test_ood/test_ood_0158.png,test_ood,0,square,red,shape,color
test_ood/test_ood_0159.png,test_ood,1,circle,blue,shape,color
test_ood/test_ood_0160.png,test_ood,1,circle,blue,shape,color
test_ood/test_ood_0161.png,test_ood,0,square,red,shape,color
test_ood/test_ood_0162.png,test_ood,1,circle,blue,shape,color
test_ood/test_ood_0163.png,test_ood,0,square,red,shape,color
test_ood/test_ood_0164.png,test_ood,1,circle,blue,shape,color
test_ood/test_ood_0165.png,test_ood,1,circle,blue,shape,color
test_ood/test_ood_0166.png,test_ood,0,square,red,shape,color
test_ood/test_ood_0167.png,test_ood,1,circle,blue,shape,color
test_ood/test_ood_0168.png,test_ood,0,square,red,shape,color
test_ood/test_ood_0169.png,test_ood,1,circle,blue,shape,color
test_ood/test_ood_0170.png,test_ood,0,square,red,shape,color
test_ood/test_ood_0171.png,test_ood,0,square,red,shape,color
test_ood/test_ood_0172.png,test_ood,1,circle,blue,shape,color
test_ood/test_ood_0173.png,test_ood,0,square,red,shape,color
test_ood/test_ood_0174.png,test_ood,1,circle,blue,shape,color
test_ood/test_ood_0175.png,test_ood,0,square,red,shape,color
test_ood/test_ood_0176.png,test_ood,0,square,red,shape,color
test_ood/test_ood_0177.png,test_ood,0,square,red,shape,color
test_ood/test_ood_0178.png,test_ood,1,circle,blue,shape,color
test_ood/test_ood_0179.png,test_ood,1,circle,blue,shape,color
test_ood/test_ood_0180.png,test_ood,0,square,red,shape,color
test_ood/test_ood_0181.png,test_ood,1,circle,blue,shape,color
test_ood/test_ood_0182.png,test_ood,1,circle,blue,shape,color
test_ood/test_ood_0183.png,test_ood,0,square,red,shape,color
test_ood/test_ood_0184.png,test_ood,0,square,red,shape,color
test_ood/test_ood_0185.png,test_ood,0,square,red,shape,color
test_ood/test_ood_0186.png,test_ood,1,circle,blue,shape,color
test_ood/test_ood_0187.png,test_ood,0,square,red,shape,color
test_ood/test_ood_0188.png,test_ood,0,square,red,shape,color
test_ood/test_ood_0189.png,test_ood,1,circle,blue,shape,color
test_ood/test_ood_0190.png,test_ood,0,square,red,shape,color
test_ood/test_ood_0191.png,test_ood,1,circle,blue,shape,color
test_ood/test_ood_0192.png,test_ood,0,square,red,shape,color
test_ood/test_ood_0193.png,test_ood,1,circle,blue,shape,color
test_ood/test_ood_0194.png,test_ood,0,square,red,shape,color
test_ood/test_ood_0195.png,test_ood,0,square,red,shape,color
test_ood/test_ood_0196.png,test_ood,0,square,red,shape,color
test_ood/test_ood_0197.png,test_ood,1,circle,blue,shape,color
test_ood/test_ood_0198.png,test_ood,1,circle,blue,shape,color
test_ood/test_ood_0199.png,test_ood,0,square,red,shape,color
